{
    "Ar36": {
        "error": 0.0008678483196266264, 
        "filter_outliers_dict": {
            "filter_outliers": true, 
            "iterations": 2, 
            "std_devs": 2
        }, 
        "fit": "Parabolic", 
        "value": 0.16701619331454398
    }, 
    "Ar37": {
        "error": 0.012255971914458577, 
        "filter_outliers_dict": {
            "filter_outliers": true, 
            "iterations": 2, 
            "std_devs": 2
        }, 
        "fit": "linear", 
        "value": 2.9948316985692194
    }, 
    "Ar38": {
        "error": 0.013997800662898739, 
        "filter_outliers_dict": {
            "filter_outliers": true, 
            "iterations": 2, 
            "std_devs": 2
        }, 
        "fit": "linear", 
        "value": 8.326538362429837
    }, 
    "Ar39": {
        "error": 0.03602098039573183, 
        "filter_outliers_dict": {
            "filter_outliers": true, 
            "iterations": 2, 
            "std_devs": 2
        }, 
        "fit": "Parabolic", 
        "value": 186.8844166614647
    }, 
    "Ar40": {
        "error": 0.07644163836756415, 
        "filter_outliers_dict": {
            "filter_outliers": true, 
            "iterations": 2, 
            "std_devs": 2
        }, 
        "fit": "Parabolic", 
        "value": 1025.1871767460025
    }
}