{
    "Ar36": {
        "error": 0.000260296399525183, 
        "filter_outliers_dict": {
            "filter_outliers": true, 
            "iterations": 2, 
            "std_devs": 2
        }, 
        "fit": "Parabolic", 
        "value": 0.007088982916295657
    }, 
    "Ar37": {
        "error": 0.012968615307770433, 
        "filter_outliers_dict": {
            "filter_outliers": true, 
            "iterations": 2, 
            "std_devs": 2
        }, 
        "fit": "linear", 
        "value": 3.630472464288494
    }, 
    "Ar38": {
        "error": 0.01420803026270745, 
        "filter_outliers_dict": {
            "filter_outliers": true, 
            "iterations": 2, 
            "std_devs": 2
        }, 
        "fit": "linear", 
        "value": -0.06160652151162214
    }, 
    "Ar39": {
        "error": 0.022967633344011387, 
        "filter_outliers_dict": {
            "filter_outliers": true, 
            "iterations": 2, 
            "std_devs": 2
        }, 
        "fit": "Parabolic", 
        "value": 1.2035619829095008
    }, 
    "Ar40": {
        "error": 0.020972945818691607, 
        "filter_outliers_dict": {
            "filter_outliers": true, 
            "iterations": 2, 
            "std_devs": 2
        }, 
        "fit": "Parabolic", 
        "value": 7.574537865143718
    }
}