{
    "Ar36": {
        "error": 0.0005221662715195223, 
        "filter_outliers_dict": {
            "filter_outliers": true, 
            "iterations": 2, 
            "std_devs": 2
        }, 
        "fit": "Parabolic", 
        "value": 0.046029700668531584
    }, 
    "Ar37": {
        "error": 0.012285966638140503, 
        "filter_outliers_dict": {
            "filter_outliers": true, 
            "iterations": 2, 
            "std_devs": 2
        }, 
        "fit": "linear", 
        "value": 5.46458995090166
    }, 
    "Ar38": {
        "error": 0.013447181087871806, 
        "filter_outliers_dict": {
            "filter_outliers": true, 
            "iterations": 2, 
            "std_devs": 2
        }, 
        "fit": "linear", 
        "value": 0.3260948935397864
    }, 
    "Ar39": {
        "error": 0.025219950826536254, 
        "filter_outliers_dict": {
            "filter_outliers": true, 
            "iterations": 2, 
            "std_devs": 2
        }, 
        "fit": "Parabolic", 
        "value": 31.17366858472313
    }, 
    "Ar40": {
        "error": 0.03233801492947374, 
        "filter_outliers_dict": {
            "filter_outliers": true, 
            "iterations": 2, 
            "std_devs": 2
        }, 
        "fit": "Parabolic", 
        "value": 160.08753394425415
    }
}